name_ecg,n_missing_raw,warnings
1011,168128,DataFrame.pad/Series.pad is deprecated. Use DataFrame.ffill/Series.ffill instead | There are 168128 missing data points in your signal. Filling missing values by using the forward filling method.
0167,76505,DataFrame.pad/Series.pad is deprecated. Use DataFrame.ffill/Series.ffill instead | There are 76505 missing data points in your signal. Filling missing values by using the forward filling method.
0634,21839,DataFrame.pad/Series.pad is deprecated. Use DataFrame.ffill/Series.ffill instead | There are 21839 missing data points in your signal. Filling missing values by using the forward filling method.
0172,11373,DataFrame.pad/Series.pad is deprecated. Use DataFrame.ffill/Series.ffill instead | There are 11373 missing data points in your signal. Filling missing values by using the forward filling method.
0612,609,DataFrame.pad/Series.pad is deprecated. Use DataFrame.ffill/Series.ffill instead | There are 609 missing data points in your signal. Filling missing values by using the forward filling method.
0092,534,DataFrame.pad/Series.pad is deprecated. Use DataFrame.ffill/Series.ffill instead | There are 534 missing data points in your signal. Filling missing values by using the forward filling method.
0779,116,DataFrame.pad/Series.pad is deprecated. Use DataFrame.ffill/Series.ffill instead | There are 116 missing data points in your signal. Filling missing values by using the forward filling method.
0293,45,DataFrame.pad/Series.pad is deprecated. Use DataFrame.ffill/Series.ffill instead | There are 45 missing data points in your signal. Filling missing values by using the forward filling method.
0816,10,DataFrame.pad/Series.pad is deprecated. Use DataFrame.ffill/Series.ffill instead | There are 10 missing data points in your signal. Filling missing values by using the forward filling method.
0300,6,DataFrame.pad/Series.pad is deprecated. Use DataFrame.ffill/Series.ffill instead | There are 6 missing data points in your signal. Filling missing values by using the forward filling method.
0523,6,DataFrame.pad/Series.pad is deprecated. Use DataFrame.ffill/Series.ffill instead | There are 6 missing data points in your signal. Filling missing values by using the forward filling method.
0098,3,DataFrame.pad/Series.pad is deprecated. Use DataFrame.ffill/Series.ffill instead | There are 3 missing data points in your signal. Filling missing values by using the forward filling method.
0214,2,DataFrame.pad/Series.pad is deprecated. Use DataFrame.ffill/Series.ffill instead | There are 2 missing data points in your signal. Filling missing values by using the forward filling method.
0389,2,DataFrame.pad/Series.pad is deprecated. Use DataFrame.ffill/Series.ffill instead | There are 2 missing data points in your signal. Filling missing values by using the forward filling method.
0421,2,DataFrame.pad/Series.pad is deprecated. Use DataFrame.ffill/Series.ffill instead | There are 2 missing data points in your signal. Filling missing values by using the forward filling method.
0751,2,DataFrame.pad/Series.pad is deprecated. Use DataFrame.ffill/Series.ffill instead | There are 2 missing data points in your signal. Filling missing values by using the forward filling method.
0850,2,DataFrame.pad/Series.pad is deprecated. Use DataFrame.ffill/Series.ffill instead | There are 2 missing data points in your signal. Filling missing values by using the forward filling method.
0893,2,DataFrame.pad/Series.pad is deprecated. Use DataFrame.ffill/Series.ffill instead | There are 2 missing data points in your signal. Filling missing values by using the forward filling method.
0902,2,DataFrame.pad/Series.pad is deprecated. Use DataFrame.ffill/Series.ffill instead | There are 2 missing data points in your signal. Filling missing values by using the forward filling method.
0966,2,DataFrame.pad/Series.pad is deprecated. Use DataFrame.ffill/Series.ffill instead | There are 2 missing data points in your signal. Filling missing values by using the forward filling method.
1051,2,DataFrame.pad/Series.pad is deprecated. Use DataFrame.ffill/Series.ffill instead | There are 2 missing data points in your signal. Filling missing values by using the forward filling method.
0012,1,DataFrame.pad/Series.pad is deprecated. Use DataFrame.ffill/Series.ffill instead | There are 1 missing data points in your signal. Filling missing values by using the forward filling method.
0031,1,DataFrame.pad/Series.pad is deprecated. Use DataFrame.ffill/Series.ffill instead | There are 1 missing data points in your signal. Filling missing values by using the forward filling method.
0054,1,DataFrame.pad/Series.pad is deprecated. Use DataFrame.ffill/Series.ffill instead | There are 1 missing data points in your signal. Filling missing values by using the forward filling method.
0110,1,DataFrame.pad/Series.pad is deprecated. Use DataFrame.ffill/Series.ffill instead | There are 1 missing data points in your signal. Filling missing values by using the forward filling method.
0121,1,DataFrame.pad/Series.pad is deprecated. Use DataFrame.ffill/Series.ffill instead | There are 1 missing data points in your signal. Filling missing values by using the forward filling method.
0229,1,DataFrame.pad/Series.pad is deprecated. Use DataFrame.ffill/Series.ffill instead | There are 1 missing data points in your signal. Filling missing values by using the forward filling method.
0311,1,DataFrame.pad/Series.pad is deprecated. Use DataFrame.ffill/Series.ffill instead | There are 1 missing data points in your signal. Filling missing values by using the forward filling method.
0399,1,DataFrame.pad/Series.pad is deprecated. Use DataFrame.ffill/Series.ffill instead | There are 1 missing data points in your signal. Filling missing values by using the forward filling method.
0405,1,DataFrame.pad/Series.pad is deprecated. Use DataFrame.ffill/Series.ffill instead | There are 1 missing data points in your signal. Filling missing values by using the forward filling method.
0500,1,DataFrame.pad/Series.pad is deprecated. Use DataFrame.ffill/Series.ffill instead | There are 1 missing data points in your signal. Filling missing values by using the forward filling method.
0569,1,DataFrame.pad/Series.pad is deprecated. Use DataFrame.ffill/Series.ffill instead | There are 1 missing data points in your signal. Filling missing values by using the forward filling method.
0609,1,DataFrame.pad/Series.pad is deprecated. Use DataFrame.ffill/Series.ffill instead | There are 1 missing data points in your signal. Filling missing values by using the forward filling method.
0671,1,DataFrame.pad/Series.pad is deprecated. Use DataFrame.ffill/Series.ffill instead | There are 1 missing data points in your signal. Filling missing values by using the forward filling method.
0698,1,DataFrame.pad/Series.pad is deprecated. Use DataFrame.ffill/Series.ffill instead | There are 1 missing data points in your signal. Filling missing values by using the forward filling method.
0869,1,DataFrame.pad/Series.pad is deprecated. Use DataFrame.ffill/Series.ffill instead | There are 1 missing data points in your signal. Filling missing values by using the forward filling method.
0891,1,DataFrame.pad/Series.pad is deprecated. Use DataFrame.ffill/Series.ffill instead | There are 1 missing data points in your signal. Filling missing values by using the forward filling method.
